{"cameraMode":{"drawMode":0,"name":"Shaded","section":"Shading Mode"},"sceneLighting":false,"audioPlay":false,"sceneViewState":{"showFog":true,"showMaterialUpdate":false,"showSkybox":true,"showFlares":true,"showImageEffects":true,"showParticleSystems":true},"in2DMode":false,"pivot":{"x":55.80025863647461,"y":16.6512451171875,"z":-56.62155532836914},"rotation":{"x":0.02426299825310707,"y":0.060252845287323,"z":-0.001459846505895257,"w":0.9978871941566467},"size":239.1452178955078,"orthographic":false}