{"cameraMode":{"drawMode":0,"name":"Shaded","section":"Shading Mode"},"sceneLighting":false,"audioPlay":false,"sceneViewState":{"showFog":true,"showMaterialUpdate":false,"showSkybox":true,"showFlares":true,"showImageEffects":true,"showParticleSystems":true},"in2DMode":false,"pivot":{"x":541.666015625,"y":241.98001098632813,"z":0.0},"rotation":{"x":0.027293790131807329,"y":0.030294379219412805,"z":-0.0008200661977753043,"w":0.9991679787635803},"size":228.8308868408203,"orthographic":false}