{"cameraMode":{"drawMode":0,"name":"Shaded","section":"Shading Mode"},"sceneLighting":true,"audioPlay":false,"sceneViewState":{"showFog":true,"showMaterialUpdate":false,"showSkybox":true,"showFlares":true,"showImageEffects":true,"showParticleSystems":true},"in2DMode":false,"pivot":{"x":333.6091613769531,"y":403.2108154296875,"z":-49.4014892578125},"rotation":{"x":-0.02278195694088936,"y":-0.047372493892908099,"z":0.0010789193911477924,"w":-0.9986168742179871},"size":616.7306518554688,"orthographic":false}