{"cameraMode":{"drawMode":0,"name":"Shaded","section":"Shading Mode"},"sceneLighting":false,"audioPlay":false,"sceneViewState":{"showFog":true,"showMaterialUpdate":false,"showSkybox":true,"showFlares":true,"showImageEffects":true,"showParticleSystems":true},"in2DMode":false,"pivot":{"x":3.5762786865234377e-7,"y":4.5384674072265629,"z":-3.5762786865234377e-7},"rotation":{"x":-0.1452062577009201,"y":-0.6101679801940918,"z":0.11500488221645355,"w":-0.7703142762184143},"size":16.81555938720703,"orthographic":false}