{"cameraMode":{"drawMode":0,"name":"Shaded","section":"Shading Mode"},"sceneLighting":false,"audioPlay":false,"sceneViewState":{"showFog":true,"showMaterialUpdate":false,"showSkybox":true,"showFlares":true,"showImageEffects":true,"showParticleSystems":true},"in2DMode":false,"pivot":{"x":-0.17043602466583253,"y":4.121843338012695,"z":0.12872707843780518},"rotation":{"x":-0.0050792391411960129,"y":0.990702211856842,"z":-0.13033699989318849,"w":-0.03867379575967789},"size":15.399459838867188,"orthographic":false}