{"cameraMode":{"drawMode":0,"name":"Shaded","section":"Shading Mode"},"sceneLighting":false,"audioPlay":false,"sceneViewState":{"showFog":true,"showMaterialUpdate":false,"showSkybox":true,"showFlares":true,"showImageEffects":true,"showParticleSystems":true},"in2DMode":false,"pivot":{"x":-435.52001953125,"y":-42.299041748046878,"z":0.0},"rotation":{"x":-0.010183132253587246,"y":-0.03868132457137108,"z":-0.0003890557854901999,"w":0.999199628829956},"size":298.2960510253906,"orthographic":false}