{"cameraMode":{"drawMode":0,"name":"Shaded","section":"Shading Mode"},"sceneLighting":false,"audioPlay":false,"sceneViewState":{"showFog":true,"showMaterialUpdate":false,"showSkybox":true,"showFlares":true,"showImageEffects":true,"showParticleSystems":true},"in2DMode":false,"pivot":{"x":-0.04699897766113281,"y":21.224998474121095,"z":0.007058143615722656},"rotation":{"x":-0.17847847938537599,"y":-0.4874323308467865,"z":0.10252030193805695,"w":-0.8485544919967651},"size":233.73748779296876,"orthographic":false}