{"cameraMode":{"drawMode":0,"name":"Shaded","section":"Shading Mode"},"sceneLighting":false,"audioPlay":false,"sceneViewState":{"showFog":true,"showMaterialUpdate":false,"showSkybox":true,"showFlares":true,"showImageEffects":true,"showParticleSystems":true},"in2DMode":false,"pivot":{"x":-0.17043602466583253,"y":4.121843338012695,"z":0.12872707843780518},"rotation":{"x":-0.27702075242996218,"y":0.10122507810592652,"z":-0.02937118522822857,"w":-0.9550656080245972},"size":15.399459838867188,"orthographic":false}