{"cameraMode":{"drawMode":0,"name":"Shaded","section":"Shading Mode"},"sceneLighting":false,"audioPlay":false,"sceneViewState":{"showFog":true,"showMaterialUpdate":false,"showSkybox":true,"showFlares":true,"showImageEffects":true,"showParticleSystems":true},"in2DMode":false,"pivot":{"x":-0.17043602466583253,"y":4.121843338012695,"z":0.12872707843780518},"rotation":{"x":0.19402135908603669,"y":-0.021763239055871965,"z":0.004313938319683075,"w":0.9807463884353638},"size":26.11565589904785,"orthographic":false}