{"cameraMode":{"drawMode":0,"name":"Shaded","section":"Shading Mode"},"sceneLighting":false,"audioPlay":false,"sceneViewState":{"showFog":true,"showMaterialUpdate":false,"showSkybox":true,"showFlares":true,"showImageEffects":true,"showParticleSystems":true},"in2DMode":false,"pivot":{"x":-0.6760978698730469,"y":1.4143692255020142,"z":0.627366304397583},"rotation":{"x":0.005553684197366238,"y":0.9909058213233948,"z":-0.12734104692935944,"w":0.04311693459749222},"size":1.0498290061950684,"orthographic":false}