{"cameraMode":{"drawMode":0,"name":"Shaded","section":"Shading Mode"},"sceneLighting":false,"audioPlay":false,"sceneViewState":{"showFog":true,"showMaterialUpdate":false,"showSkybox":true,"showFlares":true,"showImageEffects":true,"showParticleSystems":true},"in2DMode":false,"pivot":{"x":-562.4776000976563,"y":5.4583330154418949,"z":223.21408081054688},"rotation":{"x":-0.13061672449111939,"y":-0.3703530728816986,"z":0.05267531797289848,"w":-0.9181520938873291},"size":206.1676483154297,"orthographic":false}