{"cameraMode":{"drawMode":0,"name":"Shaded","section":"Shading Mode"},"sceneLighting":true,"audioPlay":false,"sceneViewState":{"showFog":true,"showMaterialUpdate":false,"showSkybox":true,"showFlares":true,"showImageEffects":true,"showParticleSystems":true},"in2DMode":false,"pivot":{"x":687.8458862304688,"y":351.23248291015627,"z":0.0},"rotation":{"x":-0.1449395716190338,"y":-0.15603169798851014,"z":0.023153794929385186,"w":-0.9767858386039734},"size":294.2798767089844,"orthographic":false}